Cafe Name,Location,Open,Close,Coffee,Wifi,Power
Lighthaus,https://goo.gl/maps/2EvhB4oq4gyUXKXx9,11AM, 3:30PM,☕☕☕☕️,💪💪,🔌🔌🔌
Esters,https://goo.gl/maps/13Tjc36HuPWLELaSA,8AM,3PM,☕☕☕☕,💪💪💪,🔌
Ginger & White,https://goo.gl/maps/DqMx2g5LiAqv3pJQ9,7:30AM,5:30PM,☕☕☕,✘,🔌
Mare Street Market,https://goo.gl/maps/ALR8iBiNN6tVfuAA8,8AM,1PM,☕☕,💪💪💪,🔌🔌🔌
Louis VanHelt,"https://www.google.com/maps/place/Esters/@51.5600656,-0.0780277,17z/data=!3m1!4b1!4m6!3m5!1s0x48761c63b6591db3:0x718f5037fc079036!8m2!3d51.5600656!4d-0.0780277!16s%2Fg%2F1ptyyzd2w?entry=ttu",9AM,7PM,☕️☕️☕️,💪💪💪💪,🔌🔌🔌🔌
